[
  {
    "id": "f52bb3d5-70d4-4524-bb43-7b6d2a29ed06",
    "studio_id": "a32baefd-1511-48c9-a2c9-c0593cb41bb2",
    "category_id": "59b90ea2-ba9e-4391-b562-94f635875e75",
    "title": "Leaking tap in bathroom",
    "description": "Tap in bathroom is dripping constantly",
    "priority": 2,
    "status": "open",
    "reported_by": "fc2cd449-4757-46e8-af0e-cea4d708bb93",
    "assigned_to": null,
    "estimated_cost": 50,
    "actual_cost": null,
    "completed_at": null,
    "created_at": "2025-08-02T21:05:29.395883+00:00",
    "updated_at": "2025-08-02T21:05:29.395883+00:00"
  },
  {
    "id": "fecc57d4-74e1-4aa6-9737-56af3b62275f",
    "studio_id": "9c356579-ca46-4d98-8d28-34525cf33b2b",
    "category_id": "4a1a2776-988e-4dfc-9d95-29a021907ab1",
    "title": "Light switch not working",
    "description": "Light switch in bedroom stopped working",
    "priority": 3,
    "status": "in_progress",
    "reported_by": "ee64eac4-66ba-46dc-bee2-cda7e8dd9f0e",
    "assigned_to": null,
    "estimated_cost": 75,
    "actual_cost": null,
    "completed_at": null,
    "created_at": "2025-08-02T21:05:29.395883+00:00",
    "updated_at": "2025-08-02T21:05:29.395883+00:00"
  },
  {
    "id": "5fbf1e84-392d-45d3-b1c2-cd3859af5a5b",
    "studio_id": "428f7879-6190-4b83-bb00-42b134648ad5",
    "category_id": "9ae0dc8a-c165-4ccb-b875-f68d45f8eb75",
    "title": "Broken desk chair",
    "description": "Office chair is broken and needs replacement",
    "priority": 1,
    "status": "completed",
    "reported_by": "6f92fa28-4c8f-4f0a-8cc8-1a5e79a9e651",
    "assigned_to": null,
    "estimated_cost": 120,
    "actual_cost": null,
    "completed_at": null,
    "created_at": "2025-08-02T21:05:29.395883+00:00",
    "updated_at": "2025-08-02T21:05:29.395883+00:00"
  },
  {
    "id": "c141044c-efbe-4cdd-aafd-aad69ded2051",
    "studio_id": "a32baefd-1511-48c9-a2c9-c0593cb41bb2",
    "category_id": "59b90ea2-ba9e-4391-b562-94f635875e75",
    "title": "Leaky Faucet",
    "description": "Bathroom faucet is dripping constantly",
    "priority": 2,
    "status": "completed",
    "reported_by": "fc2cd449-4757-46e8-af0e-cea4d708bb93",
    "assigned_to": null,
    "estimated_cost": null,
    "actual_cost": null,
    "completed_at": null,
    "created_at": "2025-08-03T07:08:45.664695+00:00",
    "updated_at": "2025-08-03T07:08:45.664695+00:00"
  },
  {
    "id": "bab16a05-22ff-49d2-bfbe-122a928651f6",
    "studio_id": "c8047853-6147-4ede-97fc-3b1fa60824aa",
    "category_id": "d746a57f-1f2b-46c8-a5f3-2155067c35d9",
    "title": "Heating Issue",
    "description": "Heating system not working properly",
    "priority": 3,
    "status": "in_progress",
    "reported_by": "ee64eac4-66ba-46dc-bee2-cda7e8dd9f0e",
    "assigned_to": null,
    "estimated_cost": null,
    "actual_cost": null,
    "completed_at": null,
    "created_at": "2025-08-03T07:08:45.664695+00:00",
    "updated_at": "2025-08-03T07:08:45.664695+00:00"
  },
  {
    "id": "b50014ea-f704-4bf6-91be-34d0a3addc6d",
    "studio_id": "9c356579-ca46-4d98-8d28-34525cf33b2b",
    "category_id": "4a1a2776-988e-4dfc-9d95-29a021907ab1",
    "title": "Light Bulb Replacement",
    "description": "Main ceiling light needs replacement",
    "priority": 1,
    "status": "open",
    "reported_by": "6f92fa28-4c8f-4f0a-8cc8-1a5e79a9e651",
    "assigned_to": null,
    "estimated_cost": null,
    "actual_cost": null,
    "completed_at": null,
    "created_at": "2025-08-03T07:08:45.664695+00:00",
    "updated_at": "2025-08-03T07:08:45.664695+00:00"
  }
]