[
  {
    "id": "c6918de5-9c6d-4d9a-9a03-bb2d69973d2b",
    "field_name": "university",
    "field_type": "text",
    "field_label": "University",
    "is_required": true,
    "options": null,
    "is_active": true,
    "created_at": "2025-08-03T07:08:45.664695+00:00"
  },
  {
    "id": "4ab8ddd1-6d53-4b1b-93b8-ce0d5f449618",
    "field_name": "course",
    "field_type": "text",
    "field_label": "Course of Study",
    "is_required": true,
    "options": null,
    "is_active": true,
    "created_at": "2025-08-03T07:08:45.664695+00:00"
  },
  {
    "id": "d1641385-53fd-4b07-bb63-915c088e749d",
    "field_name": "emergency_contact_name",
    "field_type": "text",
    "field_label": "Emergency Contact Name",
    "is_required": true,
    "options": null,
    "is_active": true,
    "created_at": "2025-08-03T07:08:45.664695+00:00"
  },
  {
    "id": "c9d0315d-904c-4bb4-81c4-4d32818f193c",
    "field_name": "emergency_contact_phone",
    "field_type": "phone",
    "field_label": "Emergency Contact Phone",
    "is_required": true,
    "options": null,
    "is_active": true,
    "created_at": "2025-08-03T07:08:45.664695+00:00"
  },
  {
    "id": "05c45567-c4e5-4692-80e0-85583bc6e919",
    "field_name": "guarantor_name",
    "field_type": "text",
    "field_label": "Guarantor Name",
    "is_required": false,
    "options": null,
    "is_active": true,
    "created_at": "2025-08-03T07:08:45.664695+00:00"
  },
  {
    "id": "aa15cf5c-a50e-4f17-a480-1a7b916ad92b",
    "field_name": "guarantor_phone",
    "field_type": "phone",
    "field_label": "Guarantor Phone",
    "is_required": false,
    "options": null,
    "is_active": true,
    "created_at": "2025-08-03T07:08:45.664695+00:00"
  },
  {
    "id": "c0607797-1159-43cb-accd-8c88c0c5b6d3",
    "field_name": "guarantor_email",
    "field_type": "email",
    "field_label": "Guarantor Email",
    "is_required": false,
    "options": null,
    "is_active": true,
    "created_at": "2025-08-03T07:08:45.664695+00:00"
  },
  {
    "id": "8821d50d-22c4-4c69-ab8e-4a2b7a307380",
    "field_name": "guarantor_address",
    "field_type": "textarea",
    "field_label": "Guarantor Address",
    "is_required": false,
    "options": null,
    "is_active": true,
    "created_at": "2025-08-03T07:08:45.664695+00:00"
  },
  {
    "id": "e0e6f74d-c149-431b-a97a-d160bfe077bc",
    "field_name": "passport_number",
    "field_type": "text",
    "field_label": "Passport Number",
    "is_required": false,
    "options": null,
    "is_active": true,
    "created_at": "2025-08-03T07:08:45.664695+00:00"
  },
  {
    "id": "68d396ab-4370-47d7-9bea-144828b1a707",
    "field_name": "nationality",
    "field_type": "text",
    "field_label": "Nationality",
    "is_required": false,
    "options": null,
    "is_active": true,
    "created_at": "2025-08-03T07:08:45.664695+00:00"
  },
  {
    "id": "4beeb065-3c57-4581-be25-231ad3e65167",
    "field_name": "country",
    "field_type": "select",
    "field_label": "Country",
    "is_required": false,
    "options": [
      "Afghanistan",
      "Albania",
      "Algeria",
      "Andorra",
      "Angola",
      "Antigua and Barbuda",
      "Argentina",
      "Armenia",
      "Australia",
      "Austria",
      "Azerbaijan",
      "Bahamas",
      "Bahrain",
      "Bangladesh",
      "Barbados",
      "Belarus",
      "Belgium",
      "Belize",
      "Benin",
      "Bhutan",
      "Bolivia",
      "Bosnia and Herzegovina",
      "Botswana",
      "Brazil",
      "Brunei",
      "Bulgaria",
      "Burkina Faso",
      "Burundi",
      "Cabo Verde",
      "Cambodia",
      "Cameroon",
      "Canada",
      "Central African Republic",
      "Chad",
      "Chile",
      "China",
      "Colombia",
      "Comoros",
      "Congo",
      "Costa Rica",
      "Croatia",
      "Cuba",
      "Cyprus",
      "Czech Republic",
      "Democratic Republic of the Congo",
      "Denmark",
      "Djibouti",
      "Dominica",
      "Dominican Republic",
      "Ecuador",
      "Egypt",
      "El Salvador",
      "Equatorial Guinea",
      "Eritrea",
      "Estonia",
      "Eswatini",
      "Ethiopia",
      "Fiji",
      "Finland",
      "France",
      "Gabon",
      "Gambia",
      "Georgia",
      "Germany",
      "Ghana",
      "Greece",
      "Grenada",
      "Guatemala",
      "Guinea",
      "Guinea-Bissau",
      "Guyana",
      "Haiti",
      "Honduras",
      "Hungary",
      "Iceland",
      "India",
      "Indonesia",
      "Iran",
      "Iraq",
      "Ireland",
      "Israel",
      "Italy",
      "Ivory Coast",
      "Jamaica",
      "Japan",
      "Jordan",
      "Kazakhstan",
      "Kenya",
      "Kiribati",
      "Kuwait",
      "Kyrgyzstan",
      "Laos",
      "Latvia",
      "Lebanon",
      "Lesotho",
      "Liberia",
      "Libya",
      "Liechtenstein",
      "Lithuania",
      "Luxembourg",
      "Madagascar",
      "Malawi",
      "Malaysia",
      "Maldives",
      "Mali",
      "Malta",
      "Marshall Islands",
      "Mauritania",
      "Mauritius",
      "Mexico",
      "Micronesia",
      "Moldova",
      "Monaco",
      "Mongolia",
      "Montenegro",
      "Morocco",
      "Mozambique",
      "Myanmar",
      "Namibia",
      "Nauru",
      "Nepal",
      "Netherlands",
      "New Zealand",
      "Nicaragua",
      "Niger",
      "Nigeria",
      "North Korea",
      "North Macedonia",
      "Norway",
      "Oman",
      "Pakistan",
      "Palau",
      "Palestine",
      "Panama",
      "Papua New Guinea",
      "Paraguay",
      "Peru",
      "Philippines",
      "Poland",
      "Portugal",
      "Qatar",
      "Romania",
      "Russia",
      "Rwanda",
      "Saint Kitts and Nevis",
      "Saint Lucia",
      "Saint Vincent and the Grenadines",
      "Samoa",
      "San Marino",
      "Sao Tome and Principe",
      "Saudi Arabia",
      "Senegal",
      "Serbia",
      "Seychelles",
      "Sierra Leone",
      "Singapore",
      "Slovakia",
      "Slovenia",
      "Solomon Islands",
      "Somalia",
      "South Africa",
      "South Korea",
      "South Sudan",
      "Spain",
      "Sri Lanka",
      "Sudan",
      "Suriname",
      "Sweden",
      "Switzerland",
      "Syria",
      "Taiwan",
      "Tajikistan",
      "Tanzania",
      "Thailand",
      "Timor-Leste",
      "Togo",
      "Tonga",
      "Trinidad and Tobago",
      "Tunisia",
      "Turkey",
      "Turkmenistan",
      "Tuvalu",
      "Uganda",
      "Ukraine",
      "United Arab Emirates",
      "United Kingdom",
      "United States",
      "Uruguay",
      "Uzbekistan",
      "Vanuatu",
      "Vatican City",
      "Venezuela",
      "Vietnam",
      "Yemen",
      "Zambia",
      "Zimbabwe"
    ],
    "is_active": true,
    "created_at": "2025-08-06T09:46:21.094875+00:00"
  },
  {
    "id": "5c1dd5ed-64c9-44ec-839a-6db3eca4f139",
    "field_name": "ethnicity",
    "field_type": "select",
    "field_label": "Ethnicity",
    "is_required": false,
    "options": [
      "White",
      "Black / African / Caribbean",
      "Asian",
      "Hispanic / Latino",
      "Middle Eastern",
      "Native American / Alaska Native",
      "Pacific Islander / Native Hawaiian",
      "Mixed / Multiple Ethnicities",
      "Other",
      "Prefer Not to Say"
    ],
    "is_active": true,
    "created_at": "2025-08-06T09:46:21.408528+00:00"
  },
  {
    "id": "f8a5c5d6-f8e1-4752-b261-ecef6713b26f",
    "field_name": "guarantor_relationship",
    "field_type": "select",
    "field_label": "Guarantor Relationship",
    "is_required": false,
    "options": [
      "Parent",
      "Guardian",
      "Relative",
      "Friend",
      "Employer",
      "Other"
    ],
    "is_active": true,
    "created_at": "2025-08-03T07:08:45.664695+00:00"
  },
  {
    "id": "42f3df9b-2600-4e24-8104-e986ba9b36f1",
    "field_name": "year_of_study",
    "field_type": "select",
    "field_label": "Year of Study",
    "is_required": true,
    "options": [
      "First Year",
      "Second Year",
      "Third Year",
      "Fourth Year",
      "Masters",
      "Postgraduate"
    ],
    "is_active": true,
    "created_at": "2025-08-03T07:08:45.664695+00:00"
  },
  {
    "id": "1a439ab5-7f53-4936-86a9-6cd6d2347b58",
    "field_name": "deposit_paid",
    "field_type": "select",
    "field_label": "Deposit Paid",
    "is_required": false,
    "options": [
      "Paid",
      "Unpaid"
    ],
    "is_active": true,
    "created_at": "2025-08-06T09:46:22.066017+00:00"
  },
  {
    "id": "3a7795d9-ef4f-4bcd-a076-932609f5d7d3",
    "field_name": "gender",
    "field_type": "select",
    "field_label": "Gender",
    "is_required": false,
    "options": [
      "Male",
      "Female",
      "Non-binary",
      "Other",
      "Prefer Not to Say"
    ],
    "is_active": true,
    "created_at": "2025-08-06T09:46:22.696088+00:00"
  }
]