[
  {
    "id": "56214c04-e67e-4ebb-b3a0-948e2c4b929c",
    "reservation_number": "RES-2025-0001",
    "type": "tourist",
    "student_id": null,
    "tourist_id": "1fb157e9-21cd-41f2-beb0-aa911a6024a3",
    "studio_id": "96ac1466-428f-4ba9-b09f-85c06fc27ec2",
    "duration_id": null,
    "check_in_date": "2025-08-13",
    "check_out_date": "2025-08-30",
    "status": "pending",
    "total_amount": 849.83,
    "deposit_amount": 0,
    "discount_amount": 0,
    "balance_due": 849.83,
    "notes": "Tourist: ian uihui\nEmail: iankatana5003@gmail.com\nPhone: 65419592929852\nBooking Source: e939c1d6-bf58-48a1-9975-8bf498c59f23\nGuest Status: b483b532-6d58-48cb-983a-6f04b0f5ab9a\n\n",
    "created_by": "9afab6a3-f28e-46d2-9d80-8ab1a69e9a38",
    "created_at": "2025-08-06T14:41:43.11084+00:00",
    "updated_at": "2025-08-06T14:41:43.11084+00:00",
    "booking_source_id": "e939c1d6-bf58-48a1-9975-8bf498c59f23",
    "guest_status_id": "b483b532-6d58-48cb-983a-6f04b0f5ab9a",
    "price_per_night": 49.99
  }
]