[
  {
    "id": "261dd3da-9b45-485a-b1b7-0fe96379ddee",
    "name": "Website",
    "description": "Direct website inquiries",
    "is_active": true,
    "created_at": "2025-08-02T20:59:28.423587+00:00"
  },
  {
    "id": "85f84c72-0ccf-4ebf-a4eb-c2da79cd56bb",
    "name": "Social Media",
    "description": "Social media platforms",
    "is_active": true,
    "created_at": "2025-08-02T20:59:28.423587+00:00"
  },
  {
    "id": "81c4c1ee-b03e-47a3-bd9f-69ec4e1020e2",
    "name": "Referral",
    "description": "Word of mouth referrals",
    "is_active": true,
    "created_at": "2025-08-02T20:59:28.423587+00:00"
  },
  {
    "id": "7d279bd6-1607-4edb-8e6b-0dd65691f912",
    "name": "University Partnership",
    "description": "University partnerships",
    "is_active": true,
    "created_at": "2025-08-02T20:59:28.423587+00:00"
  },
  {
    "id": "9ce01ca7-e923-4fa9-bc5d-1e700341b161",
    "name": "Online Listing",
    "description": "Online property listings",
    "is_active": true,
    "created_at": "2025-08-02T20:59:28.423587+00:00"
  },
  {
    "id": "81ab62bb-6be6-48b5-b758-b185ab774c31",
    "name": "Print Media",
    "description": "Newspaper and magazine ads",
    "is_active": true,
    "created_at": "2025-08-03T07:08:45.664695+00:00"
  },
  {
    "id": "ea0b210b-917f-481c-9f6b-1e4f03ffea75",
    "name": "Online Advertising",
    "description": "Google Ads and other online ads",
    "is_active": true,
    "created_at": "2025-08-03T07:08:45.664695+00:00"
  },
  {
    "id": "624c3055-45fe-4d72-8350-a1179dc55a99",
    "name": "Events",
    "description": "University fairs and events",
    "is_active": true,
    "created_at": "2025-08-03T07:08:45.664695+00:00"
  }
]