[
  {
    "id": "d7690e4e-43f4-4c66-8ef1-6b8817b04a9d",
    "first_name": "David",
    "last_name": "Wilson",
    "email": "david.wilson@email.com",
    "phone": "+44 20 1234 5690",
    "source_id": "261dd3da-9b45-485a-b1b7-0fe96379ddee",
    "status": "new",
    "budget": 8000,
    "move_in_date": "2025-09-01",
    "duration_months": 45,
    "notes": "Interested in Gold studio",
    "assigned_to": "bc1f0672-ee38-474a-a505-205d61ec0e7e",
    "created_by": "bc1f0672-ee38-474a-a505-205d61ec0e7e",
    "created_at": "2025-08-02T21:05:29.395883+00:00",
    "updated_at": "2025-08-02T21:05:29.395883+00:00"
  },
  {
    "id": "93757e63-accd-479c-9b7d-3d77019cc13b",
    "first_name": "Emma",
    "last_name": "Brown",
    "email": "emma.brown@email.com",
    "phone": "+44 20 1234 5691",
    "source_id": "85f84c72-0ccf-4ebf-a4eb-c2da79cd56bb",
    "status": "contacted",
    "budget": 12000,
    "move_in_date": "2025-09-01",
    "duration_months": 51,
    "notes": "Looking for Platinum or higher",
    "assigned_to": "bc1f0672-ee38-474a-a505-205d61ec0e7e",
    "created_by": "bc1f0672-ee38-474a-a505-205d61ec0e7e",
    "created_at": "2025-08-02T21:05:29.395883+00:00",
    "updated_at": "2025-08-02T21:05:29.395883+00:00"
  },
  {
    "id": "3c19c776-6493-42ff-8653-a44ec22517d4",
    "first_name": "James",
    "last_name": "Taylor",
    "email": "james.taylor@email.com",
    "phone": "+44 20 1234 5692",
    "source_id": "81c4c1ee-b03e-47a3-bd9f-69ec4e1020e2",
    "status": "qualified",
    "budget": 6000,
    "move_in_date": "2025-09-01",
    "duration_months": 45,
    "notes": "Budget conscious, Silver preferred",
    "assigned_to": "bc1f0672-ee38-474a-a505-205d61ec0e7e",
    "created_by": "bc1f0672-ee38-474a-a505-205d61ec0e7e",
    "created_at": "2025-08-02T21:05:29.395883+00:00",
    "updated_at": "2025-08-02T21:05:29.395883+00:00"
  },
  {
    "id": "acdf0061-2007-4c29-8cd8-d79530174c7b",
    "first_name": "Sophie",
    "last_name": "Anderson",
    "email": "sophie.anderson@email.com",
    "phone": "+44 20 1234 5693",
    "source_id": "7d279bd6-1607-4edb-8e6b-0dd65691f912",
    "status": "proposal_sent",
    "budget": 15000,
    "move_in_date": "2025-09-01",
    "duration_months": 51,
    "notes": "International student, needs guarantor info",
    "assigned_to": "bc1f0672-ee38-474a-a505-205d61ec0e7e",
    "created_by": "bc1f0672-ee38-474a-a505-205d61ec0e7e",
    "created_at": "2025-08-02T21:05:29.395883+00:00",
    "updated_at": "2025-08-02T21:05:29.395883+00:00"
  },
  {
    "id": "6b15ebf7-5656-4bc5-9e6c-b99be15739a6",
    "first_name": "Ian",
    "last_name": "Katana",
    "email": "admin@studentstays.com",
    "phone": "65419592929852",
    "source_id": "ea0b210b-917f-481c-9f6b-1e4f03ffea75",
    "status": "new",
    "budget": 3,
    "move_in_date": null,
    "duration_months": null,
    "notes": "kukuykuikyukyky",
    "assigned_to": "6f92fa28-4c8f-4f0a-8cc8-1a5e79a9e651",
    "created_by": "6f92fa28-4c8f-4f0a-8cc8-1a5e79a9e651",
    "created_at": "2025-08-03T12:26:15.911982+00:00",
    "updated_at": "2025-08-03T12:26:15.911982+00:00"
  }
]