[
  {
    "id": "7d163c86-25c4-437e-8264-25c2c36b5dd0",
    "name": "Guest Cancellation",
    "description": "Guest cancelled the reservation",
    "is_active": true,
    "created_at": "2025-08-05T10:23:54.52919+00:00"
  },
  {
    "id": "8323bdaa-f6cc-4cce-b11e-04fb3276c8d3",
    "name": "Property Issue",
    "description": "Property was not available or had issues",
    "is_active": true,
    "created_at": "2025-08-05T10:23:54.52919+00:00"
  },
  {
    "id": "7e1c3f4f-91c1-49f7-803d-3e8b746b5ebc",
    "name": "Booking Error",
    "description": "Error in the booking process",
    "is_active": true,
    "created_at": "2025-08-05T10:23:54.52919+00:00"
  },
  {
    "id": "3c92b6f4-cd94-4c2c-8490-dd795353fb41",
    "name": "Guest No-Show",
    "description": "Guest did not arrive",
    "is_active": true,
    "created_at": "2025-08-05T10:23:54.52919+00:00"
  },
  {
    "id": "add2fb12-8ccb-4818-a31c-81898978e73e",
    "name": "Early Checkout",
    "description": "Guest checked out early",
    "is_active": true,
    "created_at": "2025-08-05T10:23:54.52919+00:00"
  },
  {
    "id": "01cefeb7-c157-491f-9168-9867140b9cd7",
    "name": "Service Issue",
    "description": "Service quality issues",
    "is_active": true,
    "created_at": "2025-08-05T10:23:54.52919+00:00"
  },
  {
    "id": "54229c99-82c7-4bbb-af53-b25799e31de2",
    "name": "Other",
    "description": "Other reasons",
    "is_active": true,
    "created_at": "2025-08-05T10:23:54.52919+00:00"
  }
]