[
  {
    "id": "656e5822-9dd8-442b-9abe-f04938ee1d1b",
    "studio_id": null,
    "cleaner_id": "c3c52919-fea1-4160-8a45-cc4f0d090cf3",
    "scheduled_date": "2025-01-15",
    "scheduled_time": "09:00:00",
    "estimated_duration": 120,
    "status": "scheduled",
    "notes": "Standard cleaning after checkout",
    "completed_at": null,
    "verified_by": null,
    "created_by": "bd5aec4b-9ac3-4aff-9184-631ca15806fc",
    "created_at": "2025-08-02T21:05:29.395883+00:00"
  },
  {
    "id": "c3f1e2fe-af3e-4a00-a4a1-e15607d0627c",
    "studio_id": null,
    "cleaner_id": "c3c52919-fea1-4160-8a45-cc4f0d090cf3",
    "scheduled_date": "2025-01-15",
    "scheduled_time": "11:00:00",
    "estimated_duration": 90,
    "status": "in_progress",
    "notes": "Deep cleaning required",
    "completed_at": null,
    "verified_by": null,
    "created_by": "bd5aec4b-9ac3-4aff-9184-631ca15806fc",
    "created_at": "2025-08-02T21:05:29.395883+00:00"
  },
  {
    "id": "d09e75ea-8b1b-4569-bc78-8e92564d032f",
    "studio_id": null,
    "cleaner_id": "c3c52919-fea1-4160-8a45-cc4f0d090cf3",
    "scheduled_date": "2025-01-16",
    "scheduled_time": "10:00:00",
    "estimated_duration": 150,
    "status": "scheduled",
    "notes": "Premium cleaning service",
    "completed_at": null,
    "verified_by": null,
    "created_by": "bd5aec4b-9ac3-4aff-9184-631ca15806fc",
    "created_at": "2025-08-02T21:05:29.395883+00:00"
  },
  {
    "id": "a3f63a34-58d1-471c-a550-7226e27cc023",
    "studio_id": null,
    "cleaner_id": "c3c52919-fea1-4160-8a45-cc4f0d090cf3",
    "scheduled_date": "2025-01-15",
    "scheduled_time": "10:00:00",
    "estimated_duration": 120,
    "status": "in_progress",
    "notes": "Deep cleaning required",
    "completed_at": null,
    "verified_by": null,
    "created_by": "6f92fa28-4c8f-4f0a-8cc8-1a5e79a9e651",
    "created_at": "2025-08-03T07:08:45.664695+00:00"
  },
  {
    "id": "be2b8550-a29e-4c2f-93a6-eb2697536eb5",
    "studio_id": null,
    "cleaner_id": "c3c52919-fea1-4160-8a45-cc4f0d090cf3",
    "scheduled_date": "2025-01-15",
    "scheduled_time": "11:00:00",
    "estimated_duration": 90,
    "status": "scheduled",
    "notes": "Regular maintenance cleaning",
    "completed_at": null,
    "verified_by": null,
    "created_by": "6f92fa28-4c8f-4f0a-8cc8-1a5e79a9e651",
    "created_at": "2025-08-03T07:08:45.664695+00:00"
  },
  {
    "id": "03290904-14a4-48d9-9603-12b48644a5db",
    "studio_id": null,
    "cleaner_id": "c3c52919-fea1-4160-8a45-cc4f0d090cf3",
    "scheduled_date": "2025-01-15",
    "scheduled_time": "14:00:00",
    "estimated_duration": 120,
    "status": "scheduled",
    "notes": "Post-occupancy cleaning",
    "completed_at": null,
    "verified_by": null,
    "created_by": "6f92fa28-4c8f-4f0a-8cc8-1a5e79a9e651",
    "created_at": "2025-08-03T07:08:45.664695+00:00"
  },
  {
    "id": "eb3d6e31-a1a6-46c5-accc-9b012cba8996",
    "studio_id": null,
    "cleaner_id": "c3c52919-fea1-4160-8a45-cc4f0d090cf3",
    "scheduled_date": "2025-01-15",
    "scheduled_time": "09:00:00",
    "estimated_duration": 120,
    "status": "scheduled",
    "notes": "Regular cleaning service",
    "completed_at": null,
    "verified_by": null,
    "created_by": "9afab6a3-f28e-46d2-9d80-8ab1a69e9a38",
    "created_at": "2025-08-04T20:45:48.450531+00:00"
  },
  {
    "id": "622d7512-5d05-46f9-b407-bc150d1ec03b",
    "studio_id": null,
    "cleaner_id": "c3c52919-fea1-4160-8a45-cc4f0d090cf3",
    "scheduled_date": "2025-01-15",
    "scheduled_time": "09:00:00",
    "estimated_duration": 120,
    "status": "scheduled",
    "notes": "Regular cleaning service",
    "completed_at": null,
    "verified_by": null,
    "created_by": "3c0e79b0-28b9-41ea-8586-b71566451233",
    "created_at": "2025-08-04T20:45:48.450531+00:00"
  },
  {
    "id": "940de5ba-6ff4-4bd5-ae44-92c722e19945",
    "studio_id": null,
    "cleaner_id": "c3c52919-fea1-4160-8a45-cc4f0d090cf3",
    "scheduled_date": "2025-01-16",
    "scheduled_time": "14:00:00",
    "estimated_duration": 90,
    "status": "scheduled",
    "notes": "Deep cleaning required",
    "completed_at": null,
    "verified_by": null,
    "created_by": "9afab6a3-f28e-46d2-9d80-8ab1a69e9a38",
    "created_at": "2025-08-04T20:45:48.450531+00:00"
  },
  {
    "id": "e775104b-008e-40b3-ad4f-3f9494e7d13e",
    "studio_id": null,
    "cleaner_id": "c3c52919-fea1-4160-8a45-cc4f0d090cf3",
    "scheduled_date": "2025-01-16",
    "scheduled_time": "14:00:00",
    "estimated_duration": 90,
    "status": "scheduled",
    "notes": "Deep cleaning required",
    "completed_at": null,
    "verified_by": null,
    "created_by": "3c0e79b0-28b9-41ea-8586-b71566451233",
    "created_at": "2025-08-04T20:45:48.450531+00:00"
  }
]