[
  {
    "id": "29735358-9e74-4a7c-b618-ac73714ca108",
    "name": "Silver",
    "weekly_rate": 160,
    "studio_count": 12,
    "description": "Standard studio with essential amenities",
    "is_active": true,
    "created_at": "2025-08-02T20:59:28.423587+00:00"
  },
  {
    "id": "024aed2e-46e8-4764-a699-617e07ad0f8f",
    "name": "Gold",
    "weekly_rate": 175,
    "studio_count": 18,
    "description": "Enhanced studio with additional features",
    "is_active": true,
    "created_at": "2025-08-02T20:59:28.423587+00:00"
  },
  {
    "id": "eb34e13c-8f44-4a93-abc4-6141caf4b5dc",
    "name": "Platinum",
    "weekly_rate": 195,
    "studio_count": 8,
    "description": "Premium studio with luxury amenities",
    "is_active": true,
    "created_at": "2025-08-02T20:59:28.423587+00:00"
  },
  {
    "id": "1a8ade21-ecf1-4dff-b94e-4b0d0a5ca1aa",
    "name": "Rhodium",
    "weekly_rate": 200,
    "studio_count": 6,
    "description": "High-end studio with premium features",
    "is_active": true,
    "created_at": "2025-08-02T20:59:28.423587+00:00"
  },
  {
    "id": "439d2d82-3bdf-4dd8-a7ae-9a0c035aa7aa",
    "name": "Rhodium Plus",
    "weekly_rate": 225,
    "studio_count": 4,
    "description": "Ultra-luxury studio with all amenities",
    "is_active": true,
    "created_at": "2025-08-02T20:59:28.423587+00:00"
  }
]