[
  {
    "id": "a7704e7c-b175-494f-ae03-433ba2aba3af",
    "invoice_number": "INV-2025-0001",
    "reservation_id": "56214c04-e67e-4ebb-b3a0-948e2c4b929c",
    "reservation_installment_id": null,
    "amount": 849.83,
    "tax_amount": 0,
    "total_amount": 849.83,
    "due_date": "2025-08-13",
    "status": "completed",
    "stripe_payment_intent_id": null,
    "created_by": "9afab6a3-f28e-46d2-9d80-8ab1a69e9a38",
    "created_at": "2025-08-06T14:41:43.447291+00:00",
    "updated_at": "2025-08-06T14:41:43.447291+00:00",
    "xero_invoice_id": null,
    "xero_exported_at": null,
    "xero_export_status": "pending"
  }
]