[
  {
    "id": "70bd6881-cad9-4788-9e2e-1daa0c4c4396",
    "student_id": "4f1866f8-00cb-47d6-bb61-4e6e83a8bf95",
    "title": "Accommodation Agreement",
    "description": "Standard accommodation agreement for the academic year",
    "document_url": "https://example.com/agreements/accommodation.pdf",
    "signed_document_url": null,
    "status": "signed",
    "uploaded_date": "2025-08-04T05:31:59.43934+00:00",
    "due_date": "2025-09-03T05:31:59.43934+00:00",
    "created_at": "2025-08-04T05:31:59.43934+00:00",
    "updated_at": "2025-08-04T05:31:59.43934+00:00"
  },
  {
    "id": "a0edce3b-4fd2-4a5a-8ed5-0d8ca133f0ce",
    "student_id": "7e19591e-db0f-4d88-867b-a622f836a142",
    "title": "Accommodation Agreement",
    "description": "Standard accommodation agreement for the academic year",
    "document_url": "https://example.com/agreements/accommodation.pdf",
    "signed_document_url": null,
    "status": "signed",
    "uploaded_date": "2025-08-04T05:31:59.43934+00:00",
    "due_date": "2025-09-03T05:31:59.43934+00:00",
    "created_at": "2025-08-04T05:31:59.43934+00:00",
    "updated_at": "2025-08-04T05:31:59.43934+00:00"
  },
  {
    "id": "d403202b-a51a-46af-9086-65e9ceb625be",
    "student_id": "4f1866f8-00cb-47d6-bb61-4e6e83a8bf95",
    "title": "House Rules Agreement",
    "description": "Rules and regulations for living in the accommodation",
    "document_url": "https://example.com/agreements/house-rules.pdf",
    "signed_document_url": null,
    "status": "pending",
    "uploaded_date": "2025-08-04T05:31:59.43934+00:00",
    "due_date": "2025-08-11T05:31:59.43934+00:00",
    "created_at": "2025-08-04T05:31:59.43934+00:00",
    "updated_at": "2025-08-04T05:31:59.43934+00:00"
  },
  {
    "id": "0539ba96-2ff0-4935-abd8-f937e8bebdf9",
    "student_id": "7e19591e-db0f-4d88-867b-a622f836a142",
    "title": "House Rules Agreement",
    "description": "Rules and regulations for living in the accommodation",
    "document_url": "https://example.com/agreements/house-rules.pdf",
    "signed_document_url": null,
    "status": "pending",
    "uploaded_date": "2025-08-04T05:31:59.43934+00:00",
    "due_date": "2025-08-11T05:31:59.43934+00:00",
    "created_at": "2025-08-04T05:31:59.43934+00:00",
    "updated_at": "2025-08-04T05:31:59.43934+00:00"
  },
  {
    "id": "d2a31e89-9847-491c-b7d1-91d402926310",
    "student_id": "4f1866f8-00cb-47d6-bb61-4e6e83a8bf95",
    "title": "Payment Plan Agreement",
    "description": "Agreement for installment payment plan",
    "document_url": "https://example.com/agreements/payment-plan.pdf",
    "signed_document_url": null,
    "status": "signed",
    "uploaded_date": "2025-08-04T05:31:59.43934+00:00",
    "due_date": "2025-08-18T05:31:59.43934+00:00",
    "created_at": "2025-08-04T05:31:59.43934+00:00",
    "updated_at": "2025-08-04T05:31:59.43934+00:00"
  },
  {
    "id": "da32dbf8-5028-49d7-b99c-8d0d4750df6a",
    "student_id": "7e19591e-db0f-4d88-867b-a622f836a142",
    "title": "Payment Plan Agreement",
    "description": "Agreement for installment payment plan",
    "document_url": "https://example.com/agreements/payment-plan.pdf",
    "signed_document_url": null,
    "status": "signed",
    "uploaded_date": "2025-08-04T05:31:59.43934+00:00",
    "due_date": "2025-08-18T05:31:59.43934+00:00",
    "created_at": "2025-08-04T05:31:59.43934+00:00",
    "updated_at": "2025-08-04T05:31:59.43934+00:00"
  }
]