[
  {
    "id": "c20e0d49-fda7-449d-bf8f-bb4582143c33",
    "field_name": "first_name",
    "field_type": "text",
    "field_label": "First Name",
    "is_required": true,
    "options": null,
    "is_active": true,
    "created_at": "2025-08-03T07:08:45.664695+00:00"
  },
  {
    "id": "361c943d-2cb1-4880-acbd-744ed6a7736f",
    "field_name": "last_name",
    "field_type": "text",
    "field_label": "Last Name",
    "is_required": true,
    "options": null,
    "is_active": true,
    "created_at": "2025-08-03T07:08:45.664695+00:00"
  },
  {
    "id": "5f56c593-bcfc-43dd-8995-8ed155568f5c",
    "field_name": "email",
    "field_type": "email",
    "field_label": "Email Address",
    "is_required": false,
    "options": null,
    "is_active": true,
    "created_at": "2025-08-03T07:08:45.664695+00:00"
  },
  {
    "id": "f3bdbf3e-1f22-428e-be31-aeb7d2889910",
    "field_name": "phone",
    "field_type": "phone",
    "field_label": "Phone Number",
    "is_required": false,
    "options": null,
    "is_active": true,
    "created_at": "2025-08-03T07:08:45.664695+00:00"
  },
  {
    "id": "f5c641e7-2f77-411d-9ef9-2e9a6ade5c5f",
    "field_name": "source",
    "field_type": "select",
    "field_label": "Lead Source",
    "is_required": true,
    "options": null,
    "is_active": true,
    "created_at": "2025-08-03T07:08:45.664695+00:00"
  },
  {
    "id": "cb299c23-719d-47b6-bde1-0ec660658a96",
    "field_name": "budget",
    "field_type": "number",
    "field_label": "Budget Range",
    "is_required": false,
    "options": null,
    "is_active": true,
    "created_at": "2025-08-03T07:08:45.664695+00:00"
  },
  {
    "id": "03e454ef-ef00-4bc6-88fb-dbca1d006535",
    "field_name": "move_in_date",
    "field_type": "date",
    "field_label": "Preferred Move-in Date",
    "is_required": false,
    "options": null,
    "is_active": true,
    "created_at": "2025-08-03T07:08:45.664695+00:00"
  },
  {
    "id": "18ec1d62-e6ab-4366-88fc-e6b52ffc2ecd",
    "field_name": "duration_months",
    "field_type": "number",
    "field_label": "Duration (months)",
    "is_required": false,
    "options": null,
    "is_active": true,
    "created_at": "2025-08-03T07:08:45.664695+00:00"
  },
  {
    "id": "931331b3-378e-420a-a6ae-723806526bf4",
    "field_name": "notes",
    "field_type": "textarea",
    "field_label": "Additional Notes",
    "is_required": false,
    "options": null,
    "is_active": true,
    "created_at": "2025-08-03T07:08:45.664695+00:00"
  },
  {
    "id": "06363f2b-4329-4311-9911-17760ca4923a",
    "field_name": "assigned_to",
    "field_type": "select",
    "field_label": "Assigned To",
    "is_required": false,
    "options": null,
    "is_active": true,
    "created_at": "2025-08-03T07:08:45.664695+00:00"
  },
  {
    "id": "76740d5d-013e-4b5a-a774-3fd585e7037a",
    "field_name": "duration",
    "field_type": "select",
    "field_label": "Desired Duration",
    "is_required": true,
    "options": [
      "45-weeks",
      "51-weeks",
      "Daily",
      "Weekly"
    ],
    "is_active": true,
    "created_at": "2025-08-04T12:27:01.62882+00:00"
  },
  {
    "id": "46f7a531-1f80-4ad5-93d2-79904cbae7a9",
    "field_name": "response_category",
    "field_type": "select",
    "field_label": "Response Category",
    "is_required": false,
    "options": [
      "Hot",
      "Warm",
      "Cold"
    ],
    "is_active": true,
    "created_at": "2025-08-04T12:27:01.62882+00:00"
  },
  {
    "id": "6560fb93-679e-4daf-862e-73f15b301235",
    "field_name": "follow_up_stage",
    "field_type": "select",
    "field_label": "Follow-up Stage",
    "is_required": false,
    "options": [
      "Initial Contact",
      "Information Sent",
      "Proposal Sent",
      "Follow-up Needed",
      "Negotiating"
    ],
    "is_active": true,
    "created_at": "2025-08-04T12:27:01.62882+00:00"
  },
  {
    "id": "586ddbaf-93c7-4d9a-8f75-6ef486e321e9",
    "field_name": "room_grade",
    "field_type": "select",
    "field_label": "Desired Room Grade",
    "is_required": true,
    "options": [
      "Silver",
      "Gold",
      "Platinum",
      "Rhodium",
      "Rhodium Plus"
    ],
    "is_active": true,
    "created_at": "2025-08-04T12:27:01.62882+00:00"
  },
  {
    "id": "cc0859f2-f3be-4757-beb4-a28847fa04fd",
    "field_name": "room_grade",
    "field_type": "select",
    "field_label": "Desired Room Grade",
    "is_required": true,
    "options": [
      "Silver",
      "Gold",
      "Platinum",
      "Rhodium",
      "Thodium Plus"
    ],
    "is_active": true,
    "created_at": "2025-08-04T20:23:54.307943+00:00"
  },
  {
    "id": "8f42ef64-f702-4b24-b1f0-5e1a14c528e4",
    "field_name": "duration",
    "field_type": "select",
    "field_label": "Desired Duration",
    "is_required": true,
    "options": [
      "45-weeks",
      "51-weeks",
      "Daily",
      "Weekly"
    ],
    "is_active": true,
    "created_at": "2025-08-04T20:23:54.307943+00:00"
  },
  {
    "id": "84b13d11-4a2f-45b4-af98-2e436d5375b3",
    "field_name": "response_category",
    "field_type": "select",
    "field_label": "Response Category",
    "is_required": false,
    "options": [
      "Hot",
      "Warm",
      "Cold"
    ],
    "is_active": true,
    "created_at": "2025-08-04T20:23:54.307943+00:00"
  },
  {
    "id": "452b7d3f-ad4a-49b6-85b7-e5b6b3e03c8e",
    "field_name": "follow_up_stage",
    "field_type": "select",
    "field_label": "Follow-up Stage",
    "is_required": false,
    "options": [
      "Initial Contact",
      "Information Sent",
      "Proposal Sent",
      "Follow-up Needed",
      "Negotiating"
    ],
    "is_active": true,
    "created_at": "2025-08-04T20:23:54.307943+00:00"
  }
]