[
  {
    "id": "1293b566-8c17-4b14-b151-29024525c86f",
    "name": "51 Weeks",
    "duration_type": "student",
    "check_in_date": "2025-09-01",
    "check_out_date": "2026-08-15",
    "weeks_count": 51,
    "academic_year": "2025/2026",
    "is_active": true,
    "created_at": "2025-08-06T09:44:19.07549+00:00"
  },
  {
    "id": "14a7f636-cb5c-485e-b028-e1a4a36838fc",
    "name": "45 Weeks",
    "duration_type": "student",
    "check_in_date": "2025-09-01",
    "check_out_date": "2026-07-15",
    "weeks_count": 45,
    "academic_year": "2025/2026",
    "is_active": true,
    "created_at": "2025-08-06T09:46:23.006718+00:00"
  }
]