[
  {
    "id": "eba3464d-4d81-46e3-932a-40c26d953a74",
    "key": "company_name",
    "value": "Student Housing Manager",
    "description": "Company name displayed throughout the system",
    "category": "general",
    "data_type": "string",
    "is_public": false,
    "created_at": "2025-08-04T20:24:40.874621+00:00",
    "updated_at": "2025-08-04T20:24:40.874621+00:00"
  },
  {
    "id": "3af81598-5df6-462c-baf1-119f2f7331ed",
    "key": "timezone",
    "value": "Europe/London",
    "description": "Default timezone for the system",
    "category": "localization",
    "data_type": "string",
    "is_public": false,
    "created_at": "2025-08-04T20:24:40.874621+00:00",
    "updated_at": "2025-08-04T20:24:40.874621+00:00"
  },
  {
    "id": "ed8d4c9b-a88d-4f65-a91f-a8198e700bbb",
    "key": "date_format",
    "value": "DD/MM/YYYY",
    "description": "Default date format",
    "category": "localization",
    "data_type": "string",
    "is_public": false,
    "created_at": "2025-08-04T20:24:40.874621+00:00",
    "updated_at": "2025-08-04T20:24:40.874621+00:00"
  },
  {
    "id": "1d0c7df1-9b0d-471e-ac8b-6f7548a64d98",
    "key": "currency",
    "value": "GBP",
    "description": "Default currency for financial operations",
    "category": "localization",
    "data_type": "string",
    "is_public": false,
    "created_at": "2025-08-04T20:24:40.874621+00:00",
    "updated_at": "2025-08-04T20:24:40.874621+00:00"
  },
  {
    "id": "c63c0db0-829a-463b-a8b3-142a1d1283b6",
    "key": "language",
    "value": "en",
    "description": "Default language for the system",
    "category": "localization",
    "data_type": "string",
    "is_public": false,
    "created_at": "2025-08-04T20:24:40.874621+00:00",
    "updated_at": "2025-08-04T20:24:40.874621+00:00"
  },
  {
    "id": "4e194a76-0178-48cb-ae70-ebebaa42f215",
    "key": "fiscal_year_start",
    "value": "january",
    "description": "Fiscal year start month",
    "category": "business",
    "data_type": "string",
    "is_public": false,
    "created_at": "2025-08-04T20:24:40.874621+00:00",
    "updated_at": "2025-08-04T20:24:40.874621+00:00"
  },
  {
    "id": "8b0180f9-86ab-4cff-a6ca-2fd20a4021b0",
    "key": "default_rent_cycle",
    "value": "monthly",
    "description": "Default rent cycle for new contracts",
    "category": "business",
    "data_type": "string",
    "is_public": false,
    "created_at": "2025-08-04T20:24:40.874621+00:00",
    "updated_at": "2025-08-04T20:24:40.874621+00:00"
  },
  {
    "id": "bf06cf73-b608-41e6-8295-77a177348c02",
    "key": "auto_backup",
    "value": "true",
    "description": "Enable automatic backup",
    "category": "system",
    "data_type": "boolean",
    "is_public": false,
    "created_at": "2025-08-04T20:24:40.874621+00:00",
    "updated_at": "2025-08-04T20:24:40.874621+00:00"
  },
  {
    "id": "21314591-d4a5-43ec-8eb9-d8358ff57403",
    "key": "maintenance_mode",
    "value": "false",
    "description": "Enable maintenance mode",
    "category": "system",
    "data_type": "boolean",
    "is_public": false,
    "created_at": "2025-08-04T20:24:40.874621+00:00",
    "updated_at": "2025-08-04T20:24:40.874621+00:00"
  },
  {
    "id": "5c19a4b1-0c0f-4b86-9d1d-81c079483ea5",
    "key": "allow_registration",
    "value": "false",
    "description": "Allow new user registration",
    "category": "security",
    "data_type": "boolean",
    "is_public": false,
    "created_at": "2025-08-04T20:24:40.874621+00:00",
    "updated_at": "2025-08-04T20:24:40.874621+00:00"
  },
  {
    "id": "b1319bf4-cef2-44ec-b823-1675bee7932c",
    "key": "require_email_verification",
    "value": "true",
    "description": "Require email verification for new users",
    "category": "security",
    "data_type": "boolean",
    "is_public": false,
    "created_at": "2025-08-04T20:24:40.874621+00:00",
    "updated_at": "2025-08-04T20:24:40.874621+00:00"
  },
  {
    "id": "323a88b7-978d-4475-b8ce-1a221a95a837",
    "key": "max_file_upload_size",
    "value": "10485760",
    "description": "Maximum file upload size in bytes (10MB)",
    "category": "system",
    "data_type": "number",
    "is_public": false,
    "created_at": "2025-08-04T20:24:40.874621+00:00",
    "updated_at": "2025-08-04T20:24:40.874621+00:00"
  },
  {
    "id": "82e87ae8-dbec-4022-907b-67cb3d4fb61b",
    "key": "session_timeout_minutes",
    "value": "30",
    "description": "Session timeout in minutes",
    "category": "security",
    "data_type": "number",
    "is_public": false,
    "created_at": "2025-08-04T20:24:40.874621+00:00",
    "updated_at": "2025-08-04T20:24:40.874621+00:00"
  },
  {
    "id": "7b3ad8ef-cdc0-4f40-9c65-173a0f828ae5",
    "key": "email_notifications_enabled",
    "value": "true",
    "description": "Enable email notifications",
    "category": "notifications",
    "data_type": "boolean",
    "is_public": false,
    "created_at": "2025-08-04T20:24:40.874621+00:00",
    "updated_at": "2025-08-04T20:24:40.874621+00:00"
  },
  {
    "id": "ecc87e5c-c443-407c-94e5-cfc9fab397dc",
    "key": "sms_notifications_enabled",
    "value": "false",
    "description": "Enable SMS notifications",
    "category": "notifications",
    "data_type": "boolean",
    "is_public": false,
    "created_at": "2025-08-04T20:24:40.874621+00:00",
    "updated_at": "2025-08-04T20:24:40.874621+00:00"
  }
]