[
  {
    "id": "cdcd32cb-5a88-455e-aa2e-0fec5bcc4eae",
    "user_id": "08f0441b-bc17-432b-927c-67318be7f7c8",
    "birthday": "2025-08-03",
    "ethnicity": "asian",
    "gender": "female",
    "ucas_id": "56465jhk",
    "country": "uk",
    "address_line1": "jyfuyfuyftfuyfuygyu",
    "post_code": "jgh557",
    "town": "malindi",
    "academic_year": "2025/2026",
    "year_of_study": "3rd",
    "field_of_study": "jygjh454yuh",
    "guarantor_name": "marvin adu",
    "guarantor_email": "iankatana530@gmail.com",
    "guarantor_phone": "0712345678",
    "guarantor_relationship": "guardian",
    "wants_installments": true,
    "installment_plan_id": "c15a1f7c-d62f-4d37-a257-14e468c26913",
    "deposit_paid": true,
    "passport_file_url": null,
    "visa_file_url": null,
    "utility_bill_file_url": null,
    "guarantor_id_file_url": null,
    "bank_statement_file_url": null,
    "proof_of_income_file_url": null,
    "student_id": null,
    "university": null,
    "course": null,
    "emergency_contact_name": null,
    "emergency_contact_phone": null,
    "created_at": "2025-08-06T15:42:03.671556+00:00",
    "updated_at": "2025-08-06T15:42:04.130112+00:00",
    "studio_id": "96ac1466-428f-4ba9-b09f-85c06fc27ec2"
  },
  {
    "id": "9ff7c3b4-50d4-4a71-8878-59997de92bcc",
    "user_id": "08f0441b-bc17-432b-927c-67318be7f7c8",
    "birthday": "2025-08-03",
    "ethnicity": "asian",
    "gender": "female",
    "ucas_id": "56465jhk",
    "country": "uk",
    "address_line1": "jyfuyfuyftfuyfuygyu",
    "post_code": "jgh557",
    "town": "malindi",
    "academic_year": "2025/2026",
    "year_of_study": "3rd",
    "field_of_study": "jygjh454yuh",
    "guarantor_name": "marvin adu",
    "guarantor_email": "iankatana530@gmail.com",
    "guarantor_phone": "0712345678",
    "guarantor_relationship": "guardian",
    "wants_installments": true,
    "installment_plan_id": "c15a1f7c-d62f-4d37-a257-14e468c26913",
    "deposit_paid": true,
    "passport_file_url": null,
    "visa_file_url": null,
    "utility_bill_file_url": null,
    "guarantor_id_file_url": null,
    "bank_statement_file_url": null,
    "proof_of_income_file_url": null,
    "student_id": null,
    "university": null,
    "course": null,
    "emergency_contact_name": null,
    "emergency_contact_phone": null,
    "created_at": "2025-08-06T15:44:42.387086+00:00",
    "updated_at": "2025-08-06T15:44:42.769072+00:00",
    "studio_id": "96ac1466-428f-4ba9-b09f-85c06fc27ec2"
  },
  {
    "id": "d4394eb4-49df-4556-80a0-3288cdd6e996",
    "user_id": "a67c321f-b057-4ad8-adff-9e906eb6befc",
    "birthday": "2025-07-01",
    "ethnicity": "white",
    "gender": "male",
    "ucas_id": "5895515",
    "country": "canada",
    "address_line1": "jyfuyfuyftfuyfuygyu",
    "post_code": "5464ilji",
    "town": "malindi",
    "academic_year": "2025/2026",
    "year_of_study": "2nd",
    "field_of_study": "cvhghgvgh",
    "guarantor_name": "marvin adu",
    "guarantor_email": "iankatana530@gmail.com",
    "guarantor_phone": "0712345678",
    "guarantor_relationship": "relative",
    "wants_installments": true,
    "installment_plan_id": "dbc315cc-54ea-477b-b0d4-f35063fe7a6a",
    "deposit_paid": true,
    "passport_file_url": null,
    "visa_file_url": null,
    "utility_bill_file_url": null,
    "guarantor_id_file_url": null,
    "bank_statement_file_url": null,
    "proof_of_income_file_url": null,
    "student_id": null,
    "university": null,
    "course": null,
    "emergency_contact_name": null,
    "emergency_contact_phone": null,
    "created_at": "2025-08-06T16:01:39.967507+00:00",
    "updated_at": "2025-08-06T16:01:40.843788+00:00",
    "studio_id": "96ac1466-428f-4ba9-b09f-85c06fc27ec2"
  },
  {
    "id": "c3b31539-15b7-49bf-a154-115f58170d8b",
    "user_id": "ecce9ef4-cec8-4898-b6d1-d315870f9c09",
    "birthday": "2025-08-01",
    "ethnicity": "asian",
    "gender": "other",
    "ucas_id": "sdg54s654",
    "country": "germany",
    "address_line1": "sadasdas",
    "post_code": "564piopiopoi",
    "town": "malindi",
    "academic_year": "2025/2026",
    "year_of_study": "2nd",
    "field_of_study": "54sd654gsdg",
    "guarantor_name": "wefwefwefwefwefwefwe",
    "guarantor_email": "iankatana530@gmail.com",
    "guarantor_phone": "0712345678",
    "guarantor_relationship": "relative",
    "wants_installments": true,
    "installment_plan_id": "30125fcb-5273-4f65-964f-4d6f189eac48",
    "deposit_paid": true,
    "passport_file_url": null,
    "visa_file_url": null,
    "utility_bill_file_url": null,
    "guarantor_id_file_url": null,
    "bank_statement_file_url": null,
    "proof_of_income_file_url": null,
    "student_id": null,
    "university": null,
    "course": null,
    "emergency_contact_name": null,
    "emergency_contact_phone": null,
    "created_at": "2025-08-07T09:10:01.640083+00:00",
    "updated_at": "2025-08-07T09:10:02.314909+00:00",
    "studio_id": "96ac1466-428f-4ba9-b09f-85c06fc27ec2"
  },
  {
    "id": "98217ef5-8a86-4171-b5c4-f895f526542f",
    "user_id": "0c3bdf69-a71a-4c12-be1e-4a60db099cf5",
    "birthday": "2025-08-04",
    "ethnicity": "asian",
    "gender": "female",
    "ucas_id": "liijlk",
    "country": "germany",
    "address_line1": "kihuiyiuy",
    "post_code": "jhkjh85646kl",
    "town": "malindi",
    "academic_year": "2025/2026",
    "year_of_study": "2nd",
    "field_of_study": "jgiuhoi486564",
    "guarantor_name": "wefwefwefwefwefwefwe",
    "guarantor_email": "iankatana530@gmail.com",
    "guarantor_phone": "0712345678",
    "guarantor_relationship": "friend",
    "wants_installments": true,
    "installment_plan_id": "dbc315cc-54ea-477b-b0d4-f35063fe7a6a",
    "deposit_paid": true,
    "passport_file_url": null,
    "visa_file_url": null,
    "utility_bill_file_url": null,
    "guarantor_id_file_url": null,
    "bank_statement_file_url": null,
    "proof_of_income_file_url": null,
    "student_id": null,
    "university": null,
    "course": null,
    "emergency_contact_name": null,
    "emergency_contact_phone": null,
    "created_at": "2025-08-07T09:30:53.471826+00:00",
    "updated_at": "2025-08-07T09:30:56.438087+00:00",
    "studio_id": "96ac1466-428f-4ba9-b09f-85c06fc27ec2"
  }
]